{
  "name": "hersheys",
  "createdAtMillis": 1481330171484,
  "home": {
    "w": "spawn",
    "lx": 1302.300000011921,
    "ly": 65.0,
    "lz": 199.63217447950714,
    "p": -24.000088,
    "y": 271.34717
  }
}