{
  "name": "BongHits",
  "createdAtMillis": 1490764943043,
  "home": {
    "w": "spawn",
    "lx": 995.0570594714559,
    "ly": 21.0,
    "lz": 768.0381295300294,
    "p": -0.89996517,
    "y": -5.547858
  }
}